model,configuration_id,fold,validation_size,train_pr_auc,pr_auc,roc_auc,iterations,convergence_warning_count,converged,fit_seconds
L1 Logistic,l1_c_0_01,1,5505,0.07343363091684926,0.0678010776839477,0.4937950819672131,7.0,0,True,0.03295791699929396
L1 Logistic,l1_c_0_01,2,5505,0.07108508247122196,0.07919673010525716,0.5073215636822194,9.0,0,True,0.03653791699980502
L1 Logistic,l1_c_0_01,3,5504,0.07136170150783114,0.07489834631638494,0.501012778340081,8.0,0,True,0.03398370799914119
L1 Logistic,l1_c_0_01,4,5504,0.07312047082913332,0.06736510235176449,0.5010111968623482,8.0,0,True,0.03869574999953329
L1 Logistic,l1_c_0_01,5,5504,0.071371247923013,0.07492564117497785,0.50623922002655,9.0,0,True,0.0325100840000232
L1 Logistic,l1_c_0_03,1,5505,0.07529794780302895,0.06889826489246795,0.5073710592686003,13.0,0,True,0.06484887499937031
L1 Logistic,l1_c_0_03,2,5505,0.0723283012826415,0.07724817184772215,0.5004126733921817,12.0,0,True,0.05719116599902918
L1 Logistic,l1_c_0_03,3,5504,0.07492084887020628,0.08134197503269802,0.5230497216599189,12.0,0,True,0.050229667000166955
L1 Logistic,l1_c_0_03,4,5504,0.0772142247356027,0.06495983144277442,0.49245223937246957,8.0,0,True,0.042172499999651336
L1 Logistic,l1_c_0_03,5,5504,0.07533295636368278,0.07039929943580273,0.4966680225390129,11.0,0,True,0.04170683299889788
L1 Logistic,l1_c_0_10,1,5505,0.07743972233342908,0.07250014348370795,0.4996040353089533,16.0,0,True,0.07553858399842284
L1 Logistic,l1_c_0_10,2,5505,0.0751049521286573,0.08531852489382574,0.5160425598991172,12.0,0,True,0.0914104170005885
L1 Logistic,l1_c_0_10,3,5504,0.07506883905653594,0.08187450948150096,0.5224512904858299,17.0,0,True,0.07349320799949055
L1 Logistic,l1_c_0_10,4,5504,0.07871174482583682,0.0666823740545183,0.4855193572874494,15.0,0,True,0.07019983300051535
L1 Logistic,l1_c_0_10,5,5504,0.07741705617520181,0.07230098506743646,0.48541491270389325,16.0,0,True,0.07090200000129698
L1 Logistic,l1_c_0_30,1,5505,0.07902666191981043,0.07350321952282879,0.4944435687263556,15.0,0,True,0.15626925000105985
L1 Logistic,l1_c_0_30,2,5505,0.07598261981680607,0.08569416633529137,0.5190930012610341,20.0,0,True,0.14796812500026135
L1 Logistic,l1_c_0_30,3,5504,0.07745509219594904,0.08385456795853334,0.526597608805668,14.0,0,True,0.1583325000010518
L1 Logistic,l1_c_0_30,4,5504,0.08080451415655057,0.06793220945332969,0.49665422570850204,15.0,0,True,0.13849525000114227
L1 Logistic,l1_c_0_30,5,5504,0.07876847372458086,0.07203027414187503,0.4919199467741274,13.0,0,True,0.12018087499927788
L1 Logistic,l1_c_1_00_reference,1,5505,0.07941226886456718,0.07137793176819163,0.49152364438839846,15.0,0,True,0.3781187089989544
L1 Logistic,l1_c_1_00_reference,2,5505,0.07593201619463363,0.08565301691908964,0.5193581336696091,17.0,0,True,0.42089020800085564
L1 Logistic,l1_c_1_00_reference,3,5504,0.07809174064802973,0.0813265073918651,0.5210855263157894,17.0,0,True,0.3882153330014262
L1 Logistic,l1_c_1_00_reference,4,5504,0.08141696640281383,0.06867184924207863,0.5012933324898785,21.0,0,True,0.4081439590008813
L1 Logistic,l1_c_1_00_reference,5,5504,0.07932546867839096,0.0729657064966228,0.4953348531716377,12.0,0,True,0.37730625000040163
L1 Logistic,l1_c_3_00,1,5505,0.079605545609574,0.07211774213080663,0.49261097099621687,18.0,0,True,1.040656625000338
L1 Logistic,l1_c_3_00,2,5505,0.07570646001107936,0.0842693723492749,0.5183111601513241,44.0,0,True,1.0789560419998452
L1 Logistic,l1_c_3_00,3,5504,0.07849132655188339,0.08055053312438842,0.5220834387651823,18.0,0,True,1.0362276670002757
L1 Logistic,l1_c_3_00,4,5504,0.08189340708305326,0.06755450597904461,0.5019569205465587,26.0,0,True,1.1210435410011996
L1 Logistic,l1_c_3_00,5,5504,0.07973719739614449,0.073754986019271,0.4972570387117321,36.0,0,True,1.0769838340002025
L1 Logistic,l1_c_10_00,1,5505,0.07967405932724822,0.07214867238036365,0.4927481084489281,27.0,0,True,3.6341071670012752
L1 Logistic,l1_c_10_00,2,5505,0.07580420600751117,0.08350240302793951,0.5169315889029004,31.0,0,True,3.4106465420009044
L1 Logistic,l1_c_10_00,3,5504,0.07803396870479504,0.07905283161575741,0.5225626265182186,40.0,0,True,3.2141671250010404
L1 Logistic,l1_c_10_00,4,5504,0.08198487969806816,0.06745083967613383,0.5016823760121457,27.0,0,True,3.5778223749985045
L1 Logistic,l1_c_10_00,5,5504,0.07972408362943599,0.0737452539793851,0.4962149089200634,25.0,0,True,3.4185212909997063
RF Moderate,rf_reference,1,5505,0.15076170506416384,0.08448278744973704,0.5478855611601513,,0,True,1.8676012080013606
RF Moderate,rf_reference,2,5505,0.14920524350344755,0.07866863442601543,0.5065510718789408,,0,True,1.8371020829999907
RF Moderate,rf_reference,3,5504,0.1483956714975109,0.08129671446926745,0.5415232793522267,,0,True,1.8659790839992638
RF Moderate,rf_reference,4,5504,0.1466992527316756,0.07257708819259881,0.51453125,,0,True,1.8566193340011523
RF Moderate,rf_reference,5,5504,0.1481344228901674,0.07387824416216894,0.5039348676763187,,0,True,1.8456371669999498
RF Moderate,rf_depth_8,1,5505,0.1260624834232959,0.08332735641176951,0.5335277427490542,,0,True,1.5095185829995899
RF Moderate,rf_depth_8,2,5505,0.124262069344652,0.07711427626378127,0.49740605296343,,0,True,1.5125477080000564
RF Moderate,rf_depth_8,3,5504,0.12460747026904072,0.08328360333799786,0.5360690789473684,,0,True,1.5050426249999873
RF Moderate,rf_depth_8,4,5504,0.12302450151000051,0.07147479878373139,0.5117516447368421,,0,True,1.4942967499991937
RF Moderate,rf_depth_8,5,5504,0.1232752774261488,0.07222092895231677,0.49695370168916464,,0,True,1.485838499998863
RF Moderate,rf_depth_10,1,5505,0.13951150548849106,0.08360768160679882,0.5456062421185371,,0,True,1.6928714999994554
RF Moderate,rf_depth_10,2,5505,0.1377958204197357,0.07806173474397612,0.5007704918032787,,0,True,1.678740667000966
RF Moderate,rf_depth_10,3,5504,0.13694286680145318,0.0828562004901879,0.5409011260121457,,0,True,1.7127621670006192
RF Moderate,rf_depth_10,4,5504,0.13567322303343374,0.07195344958540426,0.5163135754048583,,0,True,1.6987276250001742
RF Moderate,rf_depth_10,5,5504,0.13845697157055395,0.07376458533226671,0.500014820000063,,0,True,1.6854000000002998
RF Moderate,rf_depth_14,1,5505,0.1585604412528743,0.08444091653505642,0.5491011979823455,,0,True,1.9911359580000862
RF Moderate,rf_depth_14,2,5505,0.1568674807355764,0.07944499991405536,0.5058511979823456,,0,True,1.9663251249985478
RF Moderate,rf_depth_14,3,5504,0.15555512149437334,0.082625898039352,0.5450822368421053,,0,True,2.002715624999837
RF Moderate,rf_depth_14,4,5504,0.15533495798995833,0.07259011005618421,0.514859564777328,,0,True,1.9720899169988115
RF Moderate,rf_depth_14,5,5504,0.1552573220898212,0.07393219231058915,0.5049558710849186,,0,True,1.98066637500051
RF Moderate,rf_leaf_5,1,5505,0.17623513701933652,0.0820727997746656,0.5521276796973518,,0,True,1.9245976250003878
RF Moderate,rf_leaf_5,2,5505,0.1724605661799539,0.07693155413058748,0.5065223833543505,,0,True,1.931438583000272
RF Moderate,rf_leaf_5,3,5504,0.1700133208659292,0.08213159642368581,0.5482632211538461,,0,True,1.9398086670007615
RF Moderate,rf_leaf_5,4,5504,0.17111182909313294,0.07117027986127145,0.5152201417004049,,0,True,1.9219627500006027
RF Moderate,rf_leaf_5,5,5504,0.17053965469167354,0.07304962894578085,0.4975865472237725,,0,True,1.938633708999987
RF Moderate,rf_leaf_20,1,5505,0.12558973359898445,0.07984194101326413,0.5421913619167718,,0,True,1.7951852090009197
RF Moderate,rf_leaf_20,2,5505,0.1257303202509397,0.0724925496216244,0.5012276166456495,,0,True,1.771733374998803
RF Moderate,rf_leaf_20,3,5504,0.12421562228397202,0.07971003508643866,0.5357192560728745,,0,True,1.7832506249997095
RF Moderate,rf_leaf_20,4,5504,0.12625083580939767,0.06708690409340759,0.5124996837044534,,0,True,1.7819598340010998
RF Moderate,rf_leaf_20,5,5504,0.12640712764307954,0.06836500185043469,0.5015595685172748,,0,True,1.7924877910008945
RF Moderate,rf_wider_features,1,5505,0.15672041704353074,0.08494032874580335,0.5579984237074401,,0,True,3.1523422919999575
RF Moderate,rf_wider_features,2,5505,0.15338447585081452,0.07978512092353711,0.5156075031525851,,0,True,3.1357071249985893
RF Moderate,rf_wider_features,3,5504,0.14846390483414706,0.07938427275598474,0.537702112854251,,0,True,3.1631443750011385
RF Moderate,rf_wider_features,4,5504,0.15128023066987153,0.07109395545592556,0.5121533400809717,,0,True,3.1792395409993333
RF Moderate,rf_wider_features,5,5504,0.14798701076924553,0.07443649537367161,0.5089635774849514,,0,True,3.2071066250009608
RF Moderate,rf_fewer_trees,1,5505,0.15105793270994264,0.08492978509981508,0.5486071878940731,,0,True,1.172770290999324
RF Moderate,rf_fewer_trees,2,5505,0.1486301212208052,0.07908882484984056,0.5047767969735183,,0,True,1.1497627080007078
RF Moderate,rf_fewer_trees,3,5504,0.14806923686704795,0.08073037024286951,0.5359207363360324,,0,True,1.1705571670008794
RF Moderate,rf_fewer_trees,4,5504,0.14582691492924665,0.07271577237645466,0.5158154099190284,,0,True,1.180580790998647
RF Moderate,rf_fewer_trees,5,5504,0.1468361914128279,0.07355097459273674,0.5032976076736069,,0,True,1.1617649579984572
RF Moderate,rf_more_trees,1,5505,0.15093409844545294,0.08556456506024322,0.5539284363177805,,0,True,2.7848587079988647
RF Moderate,rf_more_trees,2,5505,0.14865864299285778,0.07880597372249973,0.5058568726355611,,0,True,2.752157749999242
RF Moderate,rf_more_trees,3,5504,0.14872101172269908,0.08159454618804013,0.5424715334008097,,0,True,2.7808002499987197
RF Moderate,rf_more_trees,4,5504,0.14753334491751147,0.07276151823710422,0.5164783653846154,,0,True,2.781246041999111
RF Moderate,rf_more_trees,5,5504,0.14757924115766247,0.07360286455148687,0.5000999561706381,,0,True,2.764905167001416
