Source Position,Source Feature,Business-Friendly Label,Repeat Number,Baseline PR AUC,Permuted PR AUC,PR AUC Decrease
1,feature_past_5yr_total_donation,Total Donation Amount (Past 5 Years),1,0.07039154682743512,0.06865030477745451,0.001741242049980607
1,feature_past_5yr_total_donation,Total Donation Amount (Past 5 Years),2,0.07039154682743512,0.07208681307039774,-0.001695266242962623
1,feature_past_5yr_total_donation,Total Donation Amount (Past 5 Years),3,0.07039154682743512,0.07216388987827363,-0.0017723430508385096
1,feature_past_5yr_total_donation,Total Donation Amount (Past 5 Years),4,0.07039154682743512,0.06902072170173179,0.0013708251257033288
1,feature_past_5yr_total_donation,Total Donation Amount (Past 5 Years),5,0.07039154682743512,0.0697375787729215,0.0006539680545136206
1,feature_past_5yr_total_donation,Total Donation Amount (Past 5 Years),6,0.07039154682743512,0.06935666924997277,0.0010348775774623453
1,feature_past_5yr_total_donation,Total Donation Amount (Past 5 Years),7,0.07039154682743512,0.07238634042749492,-0.001994793600059802
1,feature_past_5yr_total_donation,Total Donation Amount (Past 5 Years),8,0.07039154682743512,0.07476133414268128,-0.0043697873152461625
1,feature_past_5yr_total_donation,Total Donation Amount (Past 5 Years),9,0.07039154682743512,0.07017941528080317,0.00021213154663195233
1,feature_past_5yr_total_donation,Total Donation Amount (Past 5 Years),10,0.07039154682743512,0.07040718922815284,-1.5642400717719163e-05
1,feature_past_5yr_total_donation,Total Donation Amount (Past 5 Years),11,0.07039154682743512,0.0736304711279924,-0.0032389243005572776
1,feature_past_5yr_total_donation,Total Donation Amount (Past 5 Years),12,0.07039154682743512,0.06617169155633881,0.004219855271096307
1,feature_past_5yr_total_donation,Total Donation Amount (Past 5 Years),13,0.07039154682743512,0.07287210301520596,-0.0024805561877708354
1,feature_past_5yr_total_donation,Total Donation Amount (Past 5 Years),14,0.07039154682743512,0.06681627221734061,0.003575274610094506
1,feature_past_5yr_total_donation,Total Donation Amount (Past 5 Years),15,0.07039154682743512,0.07050087305789371,-0.00010932623045858958
1,feature_past_5yr_total_donation,Total Donation Amount (Past 5 Years),16,0.07039154682743512,0.06987593704227561,0.0005156097851595071
1,feature_past_5yr_total_donation,Total Donation Amount (Past 5 Years),17,0.07039154682743512,0.06737136796589469,0.0030201788615404346
1,feature_past_5yr_total_donation,Total Donation Amount (Past 5 Years),18,0.07039154682743512,0.07050757256379697,-0.0001160257363618522
1,feature_past_5yr_total_donation,Total Donation Amount (Past 5 Years),19,0.07039154682743512,0.07138556840043392,-0.000994021572998799
1,feature_past_5yr_total_donation,Total Donation Amount (Past 5 Years),20,0.07039154682743512,0.06997398293302404,0.00041756389441108266
1,feature_past_5yr_total_donation,Total Donation Amount (Past 5 Years),21,0.07039154682743512,0.06811046945748604,0.0022810773699490777
1,feature_past_5yr_total_donation,Total Donation Amount (Past 5 Years),22,0.07039154682743512,0.071848189355248,-0.0014566425278128847
1,feature_past_5yr_total_donation,Total Donation Amount (Past 5 Years),23,0.07039154682743512,0.06928713782347717,0.0011044090039579457
1,feature_past_5yr_total_donation,Total Donation Amount (Past 5 Years),24,0.07039154682743512,0.06953138089903406,0.0008601659284010604
1,feature_past_5yr_total_donation,Total Donation Amount (Past 5 Years),25,0.07039154682743512,0.06786778469469519,0.002523762132739929
1,feature_past_5yr_total_donation,Total Donation Amount (Past 5 Years),26,0.07039154682743512,0.06798452386195836,0.0024070229654767628
1,feature_past_5yr_total_donation,Total Donation Amount (Past 5 Years),27,0.07039154682743512,0.06652410925421078,0.0038674375732243443
1,feature_past_5yr_total_donation,Total Donation Amount (Past 5 Years),28,0.07039154682743512,0.06941340863126508,0.000978138196170042
1,feature_past_5yr_total_donation,Total Donation Amount (Past 5 Years),29,0.07039154682743512,0.06967438518251357,0.0007171616449215545
1,feature_past_5yr_total_donation,Total Donation Amount (Past 5 Years),30,0.07039154682743512,0.07295526821011147,-0.002563721382676354
2,feature_past_5yr_average_donation,Average Donation Amount (Past 5 Years),1,0.07039154682743512,0.06921977915217077,0.0011717676752643486
2,feature_past_5yr_average_donation,Average Donation Amount (Past 5 Years),2,0.07039154682743512,0.07245211286088088,-0.00206056603344576
2,feature_past_5yr_average_donation,Average Donation Amount (Past 5 Years),3,0.07039154682743512,0.07225586200220989,-0.0018643151747747694
2,feature_past_5yr_average_donation,Average Donation Amount (Past 5 Years),4,0.07039154682743512,0.06895518218199986,0.0014363646454352563
2,feature_past_5yr_average_donation,Average Donation Amount (Past 5 Years),5,0.07039154682743512,0.06959742063538087,0.0007941261920542536
2,feature_past_5yr_average_donation,Average Donation Amount (Past 5 Years),6,0.07039154682743512,0.07088790693498662,-0.0004963601075514967
2,feature_past_5yr_average_donation,Average Donation Amount (Past 5 Years),7,0.07039154682743512,0.07360382343990862,-0.0032122766124735025
2,feature_past_5yr_average_donation,Average Donation Amount (Past 5 Years),8,0.07039154682743512,0.07353312510316833,-0.003141578275733206
2,feature_past_5yr_average_donation,Average Donation Amount (Past 5 Years),9,0.07039154682743512,0.06944789621817254,0.0009436506092625752
2,feature_past_5yr_average_donation,Average Donation Amount (Past 5 Years),10,0.07039154682743512,0.07143204990819862,-0.0010405030807635052
2,feature_past_5yr_average_donation,Average Donation Amount (Past 5 Years),11,0.07039154682743512,0.07373416249223577,-0.003342615664800652
2,feature_past_5yr_average_donation,Average Donation Amount (Past 5 Years),12,0.07039154682743512,0.06588426525056976,0.004507281576865363
2,feature_past_5yr_average_donation,Average Donation Amount (Past 5 Years),13,0.07039154682743512,0.07198474618051508,-0.0015931993530799576
2,feature_past_5yr_average_donation,Average Donation Amount (Past 5 Years),14,0.07039154682743512,0.06780160238402295,0.002589944443412165
2,feature_past_5yr_average_donation,Average Donation Amount (Past 5 Years),15,0.07039154682743512,0.07140729406488994,-0.001015747237454817
2,feature_past_5yr_average_donation,Average Donation Amount (Past 5 Years),16,0.07039154682743512,0.06892970485796067,0.0014618419694744506
2,feature_past_5yr_average_donation,Average Donation Amount (Past 5 Years),17,0.07039154682743512,0.06820973665256504,0.002181810174870083
2,feature_past_5yr_average_donation,Average Donation Amount (Past 5 Years),18,0.07039154682743512,0.06983055619053671,0.0005609906368984063
2,feature_past_5yr_average_donation,Average Donation Amount (Past 5 Years),19,0.07039154682743512,0.07053794205703455,-0.0001463952295994303
2,feature_past_5yr_average_donation,Average Donation Amount (Past 5 Years),20,0.07039154682743512,0.06951419726054088,0.0008773495668942394
2,feature_past_5yr_average_donation,Average Donation Amount (Past 5 Years),21,0.07039154682743512,0.06805435406467825,0.0023371927627568734
2,feature_past_5yr_average_donation,Average Donation Amount (Past 5 Years),22,0.07039154682743512,0.07471753629330749,-0.004325989465872371
2,feature_past_5yr_average_donation,Average Donation Amount (Past 5 Years),23,0.07039154682743512,0.06957752315050833,0.0008140236769267895
2,feature_past_5yr_average_donation,Average Donation Amount (Past 5 Years),24,0.07039154682743512,0.06939737948294597,0.0009941673444891497
2,feature_past_5yr_average_donation,Average Donation Amount (Past 5 Years),25,0.07039154682743512,0.06814770461165176,0.0022438422157833593
2,feature_past_5yr_average_donation,Average Donation Amount (Past 5 Years),26,0.07039154682743512,0.06742542865373574,0.002966118173699378
2,feature_past_5yr_average_donation,Average Donation Amount (Past 5 Years),27,0.07039154682743512,0.06697200785635984,0.0034195389710752755
2,feature_past_5yr_average_donation,Average Donation Amount (Past 5 Years),28,0.07039154682743512,0.07058640427078194,-0.0001948574433468242
2,feature_past_5yr_average_donation,Average Donation Amount (Past 5 Years),29,0.07039154682743512,0.06948618327234989,0.000905363555085234
2,feature_past_5yr_average_donation,Average Donation Amount (Past 5 Years),30,0.07039154682743512,0.07154220636260732,-0.0011506595351721965
3,feature_past_5yr_donation_frequency_rate,Donation Frequency Rate (Past 5 Years),1,0.07039154682743512,0.06713631125853514,0.003255235568899978
3,feature_past_5yr_donation_frequency_rate,Donation Frequency Rate (Past 5 Years),2,0.07039154682743512,0.07074276004646148,-0.0003512132190263556
3,feature_past_5yr_donation_frequency_rate,Donation Frequency Rate (Past 5 Years),3,0.07039154682743512,0.06830624554329659,0.00208530128413853
3,feature_past_5yr_donation_frequency_rate,Donation Frequency Rate (Past 5 Years),4,0.07039154682743512,0.06814056000944185,0.002250986817993267
3,feature_past_5yr_donation_frequency_rate,Donation Frequency Rate (Past 5 Years),5,0.07039154682743512,0.06825634552103552,0.0021352013063996034
3,feature_past_5yr_donation_frequency_rate,Donation Frequency Rate (Past 5 Years),6,0.07039154682743512,0.06940951343285086,0.0009820333945842613
3,feature_past_5yr_donation_frequency_rate,Donation Frequency Rate (Past 5 Years),7,0.07039154682743512,0.06956340144107769,0.0008281453863574345
3,feature_past_5yr_donation_frequency_rate,Donation Frequency Rate (Past 5 Years),8,0.07039154682743512,0.06973309500542063,0.0006584518220144886
3,feature_past_5yr_donation_frequency_rate,Donation Frequency Rate (Past 5 Years),9,0.07039154682743512,0.06865202917275096,0.001739517654684164
3,feature_past_5yr_donation_frequency_rate,Donation Frequency Rate (Past 5 Years),10,0.07039154682743512,0.06914337530768119,0.0012481715197539267
3,feature_past_5yr_donation_frequency_rate,Donation Frequency Rate (Past 5 Years),11,0.07039154682743512,0.07165746722115034,-0.001265920393715217
3,feature_past_5yr_donation_frequency_rate,Donation Frequency Rate (Past 5 Years),12,0.07039154682743512,0.06963594845157922,0.0007555983758558982
3,feature_past_5yr_donation_frequency_rate,Donation Frequency Rate (Past 5 Years),13,0.07039154682743512,0.0699196779654007,0.00047186886203441636
3,feature_past_5yr_donation_frequency_rate,Donation Frequency Rate (Past 5 Years),14,0.07039154682743512,0.06822164995355548,0.00216989687387964
3,feature_past_5yr_donation_frequency_rate,Donation Frequency Rate (Past 5 Years),15,0.07039154682743512,0.06847407586863488,0.001917470958800238
3,feature_past_5yr_donation_frequency_rate,Donation Frequency Rate (Past 5 Years),16,0.07039154682743512,0.06671953014327453,0.0036720166841605895
3,feature_past_5yr_donation_frequency_rate,Donation Frequency Rate (Past 5 Years),17,0.07039154682743512,0.07004242556394945,0.00034912126348567163
3,feature_past_5yr_donation_frequency_rate,Donation Frequency Rate (Past 5 Years),18,0.07039154682743512,0.06898339841965319,0.0014081484077819312
3,feature_past_5yr_donation_frequency_rate,Donation Frequency Rate (Past 5 Years),19,0.07039154682743512,0.06940580988091866,0.0009857369465164634
3,feature_past_5yr_donation_frequency_rate,Donation Frequency Rate (Past 5 Years),20,0.07039154682743512,0.06871244455777231,0.0016791022696628077
3,feature_past_5yr_donation_frequency_rate,Donation Frequency Rate (Past 5 Years),21,0.07039154682743512,0.0697567072105475,0.0006348396168876225
3,feature_past_5yr_donation_frequency_rate,Donation Frequency Rate (Past 5 Years),22,0.07039154682743512,0.07042972664444752,-3.8179817012401474e-05
3,feature_past_5yr_donation_frequency_rate,Donation Frequency Rate (Past 5 Years),23,0.07039154682743512,0.06918982348562769,0.0012017233418074313
3,feature_past_5yr_donation_frequency_rate,Donation Frequency Rate (Past 5 Years),24,0.07039154682743512,0.06866148108832831,0.0017300657391068064
3,feature_past_5yr_donation_frequency_rate,Donation Frequency Rate (Past 5 Years),25,0.07039154682743512,0.06721882084957519,0.003172725977859933
3,feature_past_5yr_donation_frequency_rate,Donation Frequency Rate (Past 5 Years),26,0.07039154682743512,0.06920366638790713,0.0011878804395279857
3,feature_past_5yr_donation_frequency_rate,Donation Frequency Rate (Past 5 Years),27,0.07039154682743512,0.06792324647101533,0.002468300356419789
3,feature_past_5yr_donation_frequency_rate,Donation Frequency Rate (Past 5 Years),28,0.07039154682743512,0.06832111051187756,0.002070436315557561
3,feature_past_5yr_donation_frequency_rate,Donation Frequency Rate (Past 5 Years),29,0.07039154682743512,0.0679287985014827,0.0024627483259524185
3,feature_past_5yr_donation_frequency_rate,Donation Frequency Rate (Past 5 Years),30,0.07039154682743512,0.06767041760179378,0.0027211292256413416
4,feature_years_since_last_donation_past_5yr,Years Since Most Recent Donation,1,0.07039154682743512,0.06689551569248556,0.003496031134949562
4,feature_years_since_last_donation_past_5yr,Years Since Most Recent Donation,2,0.07039154682743512,0.06772609168898908,0.0026654551384460434
4,feature_years_since_last_donation_past_5yr,Years Since Most Recent Donation,3,0.07039154682743512,0.06634055737940381,0.004050989448031311
4,feature_years_since_last_donation_past_5yr,Years Since Most Recent Donation,4,0.07039154682743512,0.06720282428196397,0.0031887225454711454
4,feature_years_since_last_donation_past_5yr,Years Since Most Recent Donation,5,0.07039154682743512,0.06802768129161096,0.0023638655358241556
4,feature_years_since_last_donation_past_5yr,Years Since Most Recent Donation,6,0.07039154682743512,0.06779503812892149,0.002596508698513633
4,feature_years_since_last_donation_past_5yr,Years Since Most Recent Donation,7,0.07039154682743512,0.06686631426496574,0.0035252325624693798
4,feature_years_since_last_donation_past_5yr,Years Since Most Recent Donation,8,0.07039154682743512,0.06667553976150828,0.0037160070659268407
4,feature_years_since_last_donation_past_5yr,Years Since Most Recent Donation,9,0.07039154682743512,0.06801373798385613,0.0023778088435789935
4,feature_years_since_last_donation_past_5yr,Years Since Most Recent Donation,10,0.07039154682743512,0.06680954026435146,0.0035820065630836617
4,feature_years_since_last_donation_past_5yr,Years Since Most Recent Donation,11,0.07039154682743512,0.06995245233880365,0.0004390944886314696
4,feature_years_since_last_donation_past_5yr,Years Since Most Recent Donation,12,0.07039154682743512,0.06909674851087809,0.0012947983165570304
4,feature_years_since_last_donation_past_5yr,Years Since Most Recent Donation,13,0.07039154682743512,0.06882833086111576,0.0015632159663193645
4,feature_years_since_last_donation_past_5yr,Years Since Most Recent Donation,14,0.07039154682743512,0.0677380204445492,0.0026535263828859207
4,feature_years_since_last_donation_past_5yr,Years Since Most Recent Donation,15,0.07039154682743512,0.06619915933739848,0.004192387490036642
4,feature_years_since_last_donation_past_5yr,Years Since Most Recent Donation,16,0.07039154682743512,0.06678588728197983,0.003605659545455289
4,feature_years_since_last_donation_past_5yr,Years Since Most Recent Donation,17,0.07039154682743512,0.06869658839634514,0.0016949584310899796
4,feature_years_since_last_donation_past_5yr,Years Since Most Recent Donation,18,0.07039154682743512,0.06852471905281544,0.0018668277746196754
4,feature_years_since_last_donation_past_5yr,Years Since Most Recent Donation,19,0.07039154682743512,0.06590768445264628,0.004483862374788844
4,feature_years_since_last_donation_past_5yr,Years Since Most Recent Donation,20,0.07039154682743512,0.06925849801318713,0.001133048814247986
4,feature_years_since_last_donation_past_5yr,Years Since Most Recent Donation,21,0.07039154682743512,0.0701890241214174,0.00020252270601771316
4,feature_years_since_last_donation_past_5yr,Years Since Most Recent Donation,22,0.07039154682743512,0.07015953945999523,0.00023200736743989037
4,feature_years_since_last_donation_past_5yr,Years Since Most Recent Donation,23,0.07039154682743512,0.06885595368825291,0.0015355931391822092
4,feature_years_since_last_donation_past_5yr,Years Since Most Recent Donation,24,0.07039154682743512,0.06507921237445125,0.0053123344529838745
4,feature_years_since_last_donation_past_5yr,Years Since Most Recent Donation,25,0.07039154682743512,0.06673526581390984,0.0036562810135252755
4,feature_years_since_last_donation_past_5yr,Years Since Most Recent Donation,26,0.07039154682743512,0.06888813046653779,0.0015034163608973333
4,feature_years_since_last_donation_past_5yr,Years Since Most Recent Donation,27,0.07039154682743512,0.06508975305654391,0.005301793770891211
4,feature_years_since_last_donation_past_5yr,Years Since Most Recent Donation,28,0.07039154682743512,0.06631122072352762,0.004080326103907503
4,feature_years_since_last_donation_past_5yr,Years Since Most Recent Donation,29,0.07039154682743512,0.07018569979942596,0.00020584702800915955
4,feature_years_since_last_donation_past_5yr,Years Since Most Recent Donation,30,0.07039154682743512,0.06712560328511777,0.003265943542317351
5,feature_past_5yr_max_donation,Maximum Annual Donation Amount (Past 5 Years),1,0.07039154682743512,0.07012473575268052,0.0002668110747545971
5,feature_past_5yr_max_donation,Maximum Annual Donation Amount (Past 5 Years),2,0.07039154682743512,0.07207495877346054,-0.0016834119460254204
5,feature_past_5yr_max_donation,Maximum Annual Donation Amount (Past 5 Years),3,0.07039154682743512,0.07357239654922196,-0.003180849721786838
5,feature_past_5yr_max_donation,Maximum Annual Donation Amount (Past 5 Years),4,0.07039154682743512,0.0701347847969731,0.0002567620304620155
5,feature_past_5yr_max_donation,Maximum Annual Donation Amount (Past 5 Years),5,0.07039154682743512,0.070450286872172,-5.8740044736882435e-05
5,feature_past_5yr_max_donation,Maximum Annual Donation Amount (Past 5 Years),6,0.07039154682743512,0.07128629263398406,-0.0008947458065489411
5,feature_past_5yr_max_donation,Maximum Annual Donation Amount (Past 5 Years),7,0.07039154682743512,0.07405240869655759,-0.00366086186912247
5,feature_past_5yr_max_donation,Maximum Annual Donation Amount (Past 5 Years),8,0.07039154682743512,0.07530796254434954,-0.004916415716914424
5,feature_past_5yr_max_donation,Maximum Annual Donation Amount (Past 5 Years),9,0.07039154682743512,0.07194256682284045,-0.0015510199954053283
5,feature_past_5yr_max_donation,Maximum Annual Donation Amount (Past 5 Years),10,0.07039154682743512,0.07170180941602078,-0.001310262588585659
5,feature_past_5yr_max_donation,Maximum Annual Donation Amount (Past 5 Years),11,0.07039154682743512,0.07584270141424596,-0.005451154586810836
5,feature_past_5yr_max_donation,Maximum Annual Donation Amount (Past 5 Years),12,0.07039154682743512,0.06761554299267332,0.0027760038347618005
5,feature_past_5yr_max_donation,Maximum Annual Donation Amount (Past 5 Years),13,0.07039154682743512,0.07355068460609365,-0.003159137778658533
5,feature_past_5yr_max_donation,Maximum Annual Donation Amount (Past 5 Years),14,0.07039154682743512,0.06786340945598393,0.002528137371451189
5,feature_past_5yr_max_donation,Maximum Annual Donation Amount (Past 5 Years),15,0.07039154682743512,0.07280615129554688,-0.0024146044681117584
5,feature_past_5yr_max_donation,Maximum Annual Donation Amount (Past 5 Years),16,0.07039154682743512,0.07164770152505355,-0.0012561546976184307
5,feature_past_5yr_max_donation,Maximum Annual Donation Amount (Past 5 Years),17,0.07039154682743512,0.0703367665212457,5.478030618942531e-05
5,feature_past_5yr_max_donation,Maximum Annual Donation Amount (Past 5 Years),18,0.07039154682743512,0.07172985360481475,-0.0013383067773796303
5,feature_past_5yr_max_donation,Maximum Annual Donation Amount (Past 5 Years),19,0.07039154682743512,0.07290518698545995,-0.002513640158024827
5,feature_past_5yr_max_donation,Maximum Annual Donation Amount (Past 5 Years),20,0.07039154682743512,0.07256728408949376,-0.0021757372620586357
5,feature_past_5yr_max_donation,Maximum Annual Donation Amount (Past 5 Years),21,0.07039154682743512,0.07031212468163017,7.942214580494711e-05
5,feature_past_5yr_max_donation,Maximum Annual Donation Amount (Past 5 Years),22,0.07039154682743512,0.07440576252566114,-0.00401421569822602
5,feature_past_5yr_max_donation,Maximum Annual Donation Amount (Past 5 Years),23,0.07039154682743512,0.07073455756474979,-0.00034301073731467235
5,feature_past_5yr_max_donation,Maximum Annual Donation Amount (Past 5 Years),24,0.07039154682743512,0.07089086557086116,-0.0004993187434260415
5,feature_past_5yr_max_donation,Maximum Annual Donation Amount (Past 5 Years),25,0.07039154682743512,0.06892545314081455,0.0014660936866205676
5,feature_past_5yr_max_donation,Maximum Annual Donation Amount (Past 5 Years),26,0.07039154682743512,0.07022769378168159,0.00016385304575353143
5,feature_past_5yr_max_donation,Maximum Annual Donation Amount (Past 5 Years),27,0.07039154682743512,0.06862392372169074,0.0017676231057443814
5,feature_past_5yr_max_donation,Maximum Annual Donation Amount (Past 5 Years),28,0.07039154682743512,0.07057245458427591,-0.0001809077568407924
5,feature_past_5yr_max_donation,Maximum Annual Donation Amount (Past 5 Years),29,0.07039154682743512,0.0717945214047852,-0.0014029745773500857
5,feature_past_5yr_max_donation,Maximum Annual Donation Amount (Past 5 Years),30,0.07039154682743512,0.07444956482898861,-0.00405801800155349
6,donor_age,Donor Age,1,0.07039154682743512,0.07120639215339673,-0.0008148453259616134
6,donor_age,Donor Age,2,0.07039154682743512,0.07557014659530238,-0.005178599767867262
6,donor_age,Donor Age,3,0.07039154682743512,0.06921572959353582,0.0011758172338992984
6,donor_age,Donor Age,4,0.07039154682743512,0.07289044782486645,-0.0024989009974313303
6,donor_age,Donor Age,5,0.07039154682743512,0.06978860485059965,0.0006029419768354694
6,donor_age,Donor Age,6,0.07039154682743512,0.07255686050149973,-0.0021653136740646117
6,donor_age,Donor Age,7,0.07039154682743512,0.07119909725815421,-0.0008075504307190895
6,donor_age,Donor Age,8,0.07039154682743512,0.07173433766825243,-0.001342790840817315
6,donor_age,Donor Age,9,0.07039154682743512,0.07216445995551068,-0.001772913128075565
6,donor_age,Donor Age,10,0.07039154682743512,0.07013725331857934,0.0002542935088557796
6,donor_age,Donor Age,11,0.07039154682743512,0.0681396563958524,0.0022518904315827204
6,donor_age,Donor Age,12,0.07039154682743512,0.07256925812587493,-0.0021777112984398134
6,donor_age,Donor Age,13,0.07039154682743512,0.06996944469494819,0.00042210213248693174
6,donor_age,Donor Age,14,0.07039154682743512,0.06746480818800622,0.002926738639428897
6,donor_age,Donor Age,15,0.07039154682743512,0.07372566878228956,-0.003334121954854441
6,donor_age,Donor Age,16,0.07039154682743512,0.06871728718700643,0.0016742596404286936
6,donor_age,Donor Age,17,0.07039154682743512,0.07114101227186784,-0.0007494654444327176
6,donor_age,Donor Age,18,0.07039154682743512,0.07165911170892815,-0.0012675648814930301
6,donor_age,Donor Age,19,0.07039154682743512,0.07607231440985733,-0.005680767582422211
6,donor_age,Donor Age,20,0.07039154682743512,0.07133765595535957,-0.0009461091279244493
6,donor_age,Donor Age,21,0.07039154682743512,0.07186401104441822,-0.0014724642169831048
6,donor_age,Donor Age,22,0.07039154682743512,0.07594113843951869,-0.005549591612083571
6,donor_age,Donor Age,23,0.07039154682743512,0.07197592348129277,-0.001584376653857647
6,donor_age,Donor Age,24,0.07039154682743512,0.07303435829744967,-0.00264281147001455
6,donor_age,Donor Age,25,0.07039154682743512,0.07706880435038263,-0.006677257522947511
6,donor_age,Donor Age,26,0.07039154682743512,0.07046578434393333,-7.423751649821009e-05
6,donor_age,Donor Age,27,0.07039154682743512,0.06953337105125776,0.0008581757761773612
6,donor_age,Donor Age,28,0.07039154682743512,0.07015400093770784,0.00023754588972728363
6,donor_age,Donor Age,29,0.07039154682743512,0.06808791577220792,0.0023036310552271982
6,donor_age,Donor Age,30,0.07039154682743512,0.07255220195812762,-0.002160655130692496
7,feature_gender_identity,Gender Identity,1,0.07039154682743512,0.06655145939370471,0.0038400874337304047
7,feature_gender_identity,Gender Identity,2,0.07039154682743512,0.06487875810834232,0.005512788719092804
7,feature_gender_identity,Gender Identity,3,0.07039154682743512,0.06845981483733926,0.0019317319900958585
7,feature_gender_identity,Gender Identity,4,0.07039154682743512,0.06633566204909956,0.004055884778335558
7,feature_gender_identity,Gender Identity,5,0.07039154682743512,0.06742656908709571,0.0029649777403394084
7,feature_gender_identity,Gender Identity,6,0.07039154682743512,0.06605808263345678,0.0043334641939783425
7,feature_gender_identity,Gender Identity,7,0.07039154682743512,0.06636329628453608,0.004028250542899042
7,feature_gender_identity,Gender Identity,8,0.07039154682743512,0.06720120521676315,0.0031903416106719706
7,feature_gender_identity,Gender Identity,9,0.07039154682743512,0.06387073950265085,0.006520807324784272
7,feature_gender_identity,Gender Identity,10,0.07039154682743512,0.06679860103100152,0.0035929457964336
7,feature_gender_identity,Gender Identity,11,0.07039154682743512,0.06825282272655495,0.002138724100880174
7,feature_gender_identity,Gender Identity,12,0.07039154682743512,0.06561870265767639,0.004772844169758733
7,feature_gender_identity,Gender Identity,13,0.07039154682743512,0.07081441778143666,-0.0004228709540015363
7,feature_gender_identity,Gender Identity,14,0.07039154682743512,0.06824864167895006,0.002142905148485058
7,feature_gender_identity,Gender Identity,15,0.07039154682743512,0.06700032418981705,0.0033912226376180687
7,feature_gender_identity,Gender Identity,16,0.07039154682743512,0.06905761065881258,0.0013339361686225404
7,feature_gender_identity,Gender Identity,17,0.07039154682743512,0.06714143763968189,0.0032501091877532307
7,feature_gender_identity,Gender Identity,18,0.07039154682743512,0.06626114915567483,0.004130397671760294
7,feature_gender_identity,Gender Identity,19,0.07039154682743512,0.06935254955713213,0.0010389972703029882
7,feature_gender_identity,Gender Identity,20,0.07039154682743512,0.066251877943901,0.00413966888353412
7,feature_gender_identity,Gender Identity,21,0.07039154682743512,0.06418859819931072,0.0062029486281243995
7,feature_gender_identity,Gender Identity,22,0.07039154682743512,0.06757294773381878,0.002818599093616342
7,feature_gender_identity,Gender Identity,23,0.07039154682743512,0.0685669368350314,0.0018246099924037196
7,feature_gender_identity,Gender Identity,24,0.07039154682743512,0.06638542720188638,0.00400611962554874
7,feature_gender_identity,Gender Identity,25,0.07039154682743512,0.0657354497410706,0.004656097086364525
7,feature_gender_identity,Gender Identity,26,0.07039154682743512,0.06851794067968628,0.0018736061477488408
7,feature_gender_identity,Gender Identity,27,0.07039154682743512,0.06340575143722726,0.006985795390207855
7,feature_gender_identity,Gender Identity,28,0.07039154682743512,0.06774413911317495,0.0026474077142601693
7,feature_gender_identity,Gender Identity,29,0.07039154682743512,0.06835182581217221,0.0020397210152629103
7,feature_gender_identity,Gender Identity,30,0.07039154682743512,0.06798080280415052,0.002410744023284603
8,feature_preferred_address_type,Preferred Address Type,1,0.07039154682743512,0.06794122098396405,0.002450325843471074
8,feature_preferred_address_type,Preferred Address Type,2,0.07039154682743512,0.06780415422744296,0.002587392599992161
8,feature_preferred_address_type,Preferred Address Type,3,0.07039154682743512,0.06980943229840031,0.0005821145290348106
8,feature_preferred_address_type,Preferred Address Type,4,0.07039154682743512,0.06878188596916722,0.0016096608582679
8,feature_preferred_address_type,Preferred Address Type,5,0.07039154682743512,0.07008010909416776,0.00031143773326736124
8,feature_preferred_address_type,Preferred Address Type,6,0.07039154682743512,0.06848069697986221,0.0019108498475729069
8,feature_preferred_address_type,Preferred Address Type,7,0.07039154682743512,0.06908812628693611,0.0013034205404990062
8,feature_preferred_address_type,Preferred Address Type,8,0.07039154682743512,0.07115300366349103,-0.0007614568360559126
8,feature_preferred_address_type,Preferred Address Type,9,0.07039154682743512,0.07090492864591368,-0.000513381818478556
8,feature_preferred_address_type,Preferred Address Type,10,0.07039154682743512,0.07190099194111974,-0.0015094451136846154
8,feature_preferred_address_type,Preferred Address Type,11,0.07039154682743512,0.06628081119171222,0.004110735635722895
8,feature_preferred_address_type,Preferred Address Type,12,0.07039154682743512,0.07034399008529994,4.755674213517691e-05
8,feature_preferred_address_type,Preferred Address Type,13,0.07039154682743512,0.06572948731908541,0.004662059508349706
8,feature_preferred_address_type,Preferred Address Type,14,0.07039154682743512,0.06609405391733274,0.004297492910102382
8,feature_preferred_address_type,Preferred Address Type,15,0.07039154682743512,0.07001932703923236,0.00037221978820276
8,feature_preferred_address_type,Preferred Address Type,16,0.07039154682743512,0.07031812635378103,7.342047365409277e-05
8,feature_preferred_address_type,Preferred Address Type,17,0.07039154682743512,0.07036419839556388,2.7348431871243584e-05
8,feature_preferred_address_type,Preferred Address Type,18,0.07039154682743512,0.06895070652778269,0.0014408402996524267
8,feature_preferred_address_type,Preferred Address Type,19,0.07039154682743512,0.06886743658337288,0.0015241102440622378
8,feature_preferred_address_type,Preferred Address Type,20,0.07039154682743512,0.0706484546113458,-0.000256907783910687
8,feature_preferred_address_type,Preferred Address Type,21,0.07039154682743512,0.06896843973067572,0.001423107096759399
8,feature_preferred_address_type,Preferred Address Type,22,0.07039154682743512,0.07091929989899569,-0.0005277530715605688
8,feature_preferred_address_type,Preferred Address Type,23,0.07039154682743512,0.07046605140625467,-7.450457881955086e-05
8,feature_preferred_address_type,Preferred Address Type,24,0.07039154682743512,0.07194278936247181,-0.0015512425350366899
8,feature_preferred_address_type,Preferred Address Type,25,0.07039154682743512,0.07014523982065676,0.0002463070067783568
8,feature_preferred_address_type,Preferred Address Type,26,0.07039154682743512,0.07474254190045855,-0.004350995073023431
8,feature_preferred_address_type,Preferred Address Type,27,0.07039154682743512,0.07316215282424428,-0.0027706059968091584
8,feature_preferred_address_type,Preferred Address Type,28,0.07039154682743512,0.06867701995457487,0.0017145268728602503
8,feature_preferred_address_type,Preferred Address Type,29,0.07039154682743512,0.0671184897998844,0.0032730570275507215
8,feature_preferred_address_type,Preferred Address Type,30,0.07039154682743512,0.06813647056296629,0.0022550762644688305
